<PIKDatabase>
	<interface type="0" name="ATKnowledgeBase" descr="Knowledge Base in AT-knowledge language">
	</interface>
	<interface type="0" name="ATDialogScenario" descr="Dialog Scenario in AT dialog scenario language description">
	</interface>
	<interface type="0" name="ATExplanations" descr="Explanations for AT explainer">
	</interface>
	<interface type="0" name="DataBase" descr="DataBase object">
	</interface>
	<interface type="0" name="VBAScript" descr="Visual Basic script for Microsoft Office integration">
	</interface>
	<interface type="1" name="ATSolver" descr="Universal Solver written by Demidov Dmitry">
		<config>
			<param name="Probability Type"/>
			<param name="Solve Direction"/>
		</config>
		<input>
			<input name="Knowledge Base" type="ATKnowledgeBase" necessary="1"/>
		</input>
	</interface>
	<interface type="1" name="ATDialoger" descr="Dialog Inerpreter">
		<input>
			<input name="Dialog Scenario" type="ATDialogScenario" necessary="1"/>
			<input name="Solver" type="ATSolver" necessary="1"/>
			<input name="DB Driver" type="DBDriver" necessary="0"/>
			<input name="Scripter" type="ATScripter" necessary="0"/>
			<input name="Explainer" type="ATExplainer" necessary="0"/>
		</input>
	</interface>
	<interface type="1" name="DBDriver" descr="Driver for accessing database">
		<config>
			<param name="Connection String"/>
		</config>
		<input>
			<input name="DataBase" type="DataBase" necessary="1"/>
		</input>
	</interface>
	<interface type="1" name="ATExplainer" descr="Explainer for ATSolver">
		<input>
			<input name="Explanations" type="ATExplanations" necessary="1"/>
		</input>
	</interface>
	<interface type="1" name="ATScripter" descr="Script interpreter for MSOffice integration">
		<input>
			<input name="Script" type="VBAScript" necessary="1"/>
		</input>
	</interface>
	<interface type="1" name="SimpleOperation" descr="Component representing any formalizable operation">
		<input>
			<input name="DB Driver" type="DBDriver" necessary="0"/>
		</input>
	</interface>
</PIKDatabase>
